origin,horizon,target,n_sources,n_compared,n_unavailable,mean_signed_error,mean_absolute_error,root_mean_squared_error,max_absolute_error,mean_relative_error,pearson_signed,spearman,rank_by,rank_ties,top_k_requested,top_k_used,top_k_overlap,sign_agreement,n_approximation_warnings,weight
159,1,signal,8,8,0,3.286815295812506e-08,8.386890888679521e-07,1.142778002445047e-06,2.168019800575117e-06,0.0036596358325181573,0.9999988559195858,1.0,absolute,False,5,5,1.0,1.0,0,0.9
159,3,signal,8,8,0,-7.802266126926543e-07,1.7513675554129788e-06,3.3808796097363238e-06,9.194420954165752e-06,0.003652369108199661,0.9999960118801696,1.0,absolute,False,5,5,1.0,1.0,0,0.9
159,8,signal,8,8,0,3.384983894147076e-07,9.27606240560547e-07,1.1882958137953591e-06,2.321715126962483e-06,0.003549246450878149,0.9999985161792583,1.0,absolute,False,5,5,1.0,1.0,0,0.9
159,1,signal,8,8,0,7.273379964581662e-07,2.1450035607806247e-05,2.9287760283033032e-05,5.5771386967664325e-05,0.018298179195506786,0.9999698448994037,1.0,absolute,False,5,5,1.0,1.0,0,0.5
159,3,signal,8,8,0,-2.0161279534635967e-05,4.495123199861197e-05,8.6947101459032e-05,0.00023650261693643725,0.018261871641207336,0.999896897621641,1.0,absolute,False,5,5,1.0,1.0,0,0.5
159,8,signal,8,8,0,8.567687115314158e-06,2.3695623201151443e-05,3.04257139808715e-05,5.966616051644551e-05,0.017737482386954665,0.9999609829178451,1.0,absolute,False,5,5,1.0,1.0,0,0.5
159,1,signal,8,8,0,2.400736176581609e-06,8.83719364377478e-05,0.00012099596880675868,0.0002314714644524635,0.036596358391714046,0.9998708873063996,1.0,absolute,False,5,5,1.0,1.0,0,0.0
159,3,signal,8,8,0,-8.414739116811796e-05,0.00018603019190187856,0.00036073524734504245,0.0009814610856730237,0.03652380756704279,0.9995697181171004,0.9761904761904763,absolute,False,5,5,1.0,1.0,0,0.0
159,8,signal,8,8,0,3.4822287932381727e-05,9.746218980822239e-05,0.0001255313840458829,0.0002473016096675752,0.03545133375197871,0.9998334741310297,1.0,absolute,False,5,5,1.0,1.0,0,0.0
